Workbook

Sheet Du toan
A1: BẢNG DỰ TOÁN HỆ THỐNG ĐÈN EXIT - SỰ CỐ
A2: Dự án: Nhà máy sản xuất dây đai và các sản phẩm về nhựa - SKD Invest. Nhập đơn giá (VNĐ) vào ô nền vàng, ví dụ 350000.
A4: STT | B4: Nội dung công việc / vật tư | C4: ĐVT | D4: Khối lượng | E4: Đơn giá vật liệu (VNĐ) | F4: Đơn giá nhân công (VNĐ) | G4: Thành tiền vật liệu (VNĐ) | H4: Thành tiền nhân công (VNĐ) | I4: Tổng cộng (VNĐ) | J4: Nguồn khối lượng
A5: A | B5: THIẾT BỊ ĐÈN
A6: 1 | B6: Đèn chỉ dẫn thoát nạn 1 mặt không chỉ hướng | C6: Bộ | D6: ='Thong ke den'!C11 | G6: =D6*E6 | H6: =D6*F6 | I6: =G6+H6 | J6: Thống kê SC-02 đến SC-06
A7: 2 | B7: Đèn chỉ dẫn thoát nạn 2 mặt chỉ 1 hướng | C7: Bộ | D7: ='Thong ke den'!D11 | G7: =D7*E7 | H7: =D7*F7 | I7: =G7+H7 | J7: Thống kê SC-02 đến SC-06
A8: 3 | B8: Đèn chỉ dẫn thoát nạn 2 mặt chỉ 2 hướng | C8: Bộ | D8: ='Thong ke den'!E11 | G8: =D8*E8 | H8: =D8*F8 | I8: =G8+H8 | J8: Thống kê SC-02 đến SC-06
A9: 4 | B9: Đèn chiếu sáng sự cố (EMG) | C9: Bộ | D9: ='Thong ke den'!G11 | G9: =D9*E9 | H9: =D9*F9 | I9: =G9+H9 | J9: Thống kê SC-02 đến SC-06
A10: 5 | B10: Bảng sơ đồ chỉ dẫn thoát nạn (SĐCDTN) | C10: Bộ | D10: ='Thong ke den'!H11 | G10: =D10*E10 | H10: =D10*F10 | I10: =G10+H10 | J10: Thống kê SC-02, SC-03
A11: B | B11: DÂY DẪN, ỐNG VÀ PHỤ KIỆN
A12: 6 | B12: Dây cấp nguồn Cu 2x1,5mm² | C12: m | D12: ='Boc day - ong'!I13 | G12: =D12*E12 | H12: =D12*F12 | I12: =G12+H12 | J12: Bóc theo nét dây SC-02 đến SC-06, đã cộng hao hụt
A13: 7 | B13: Ống nhựa PVC D20 luồn dây | C13: m | D13: ='Boc day - ong'!I15 | G13: =D13*E13 | H13: =D13*F13 | I13: =G13+H13 | J13: Bằng chiều dài dây, đã cộng hao hụt
A14: 8 | B14: Aptomat 1P 10A cấp nguồn đèn EXIT - sự cố | C14: Cái | D14: 4 | G14: =D14*E14 | H14: =D14*F14 | I14: =G14+H14 | J14: Sơ đồ nguyên lý SC-01: 1 cái cho mỗi khối nhà
A15: 9 | B15: Hộp đấu dây kỹ thuật | C15: Cái | D15: 4 | G15: =D15*E15 | H15: =D15*F15 | I15: =G15+H15 | J15: Sơ đồ nguyên lý SC-01: 1 cái cho mỗi khối nhà
B16: TỔNG CỘNG (chưa VAT) | G16: =SUM(G6:G15) | H16: =SUM(H6:H15) | I16: =SUM(I6:I15)
A18: Chú thích màu: chữ xanh dương = số nhập tay; chữ xanh lá = lấy từ sheet khác; chữ đen = công thức; nền vàng = ô cần nhập đơn giá.
A19: Khối lượng aptomat và hộp đấu dây lấy theo sơ đồ nguyên lý SC-01, vì mặt bằng không thể hiện các thiết bị này.
A20: Chưa gồm: dây cấp nguồn từ tủ điện đến từng nhà, phụ kiện ống, VAT, chi phí chung. Chi tiết xem sheet "Boc day - ong".

Sheet Thong so
A1: THÔNG SỐ GIẢ ĐỊNH
A2: Ô chữ xanh dương, nền vàng là giả định: sửa trực tiếp, các sheet khác tự tính lại.
A4: Thông số | B4: Giá trị | C4: Đơn vị | D4: Ghi chú
A5: Dây xuống/đấu nối mỗi thiết bị | B5: 0.5 | C5: m/TB | D5: Giả định: đoạn dây từ tuyến chính xuống đèn và đấu nối, bản vẽ không thể hiện.
A6: Hao hụt dây điện | B6: 0.03 | D6: Giả định, chỉnh theo định mức áp dụng của dự án.
A7: Hao hụt ống PVC D20 | B7: 0.03 | D7: Giả định, chỉnh theo định mức áp dụng của dự án.
A8: Tuyến dây tạm tính - Nhà bảo vệ | B8: 4 | C8: m | D8: SC-06 không vẽ tuyến dây. Ước tính từ mặt bằng (nhà 4 x 2,8 m, 1 đèn sự cố). Cần kiểm tra lại.
A9: Tuyến dây tạm tính - Nhà phụ trợ (bơm, rác) | B9: 10 | C9: m | D9: SC-06 không vẽ tuyến dây. Ước tính khoảng 8,2 m nối 3 đèn sự cố, cộng đoạn đấu nguồn. Cần kiểm tra lại.

Sheet Thong ke den
A1: THỐNG KÊ ĐÈN EXIT - SỰ CỐ THEO MẶT BẰNG
A2: Đếm từ bản vẽ SC-02 đến SC-06 (trang 53-57 file PDF). Số lượng nhập tay (chữ xanh dương).
A4: Bản vẽ | B4: Hạng mục | C4: EXIT 1 mặt không chỉ hướng | D4: EXIT 2 mặt chỉ 1 hướng | E4: EXIT 2 mặt chỉ 2 hướng | F4: Tổng EXIT | G4: Đèn sự cố EMG | H4: Bảng SĐCDTN | I4: Tổng thiết bị đèn
A5: SC-02 | B5: Nhà xưởng 1 - tầng 1 | C5: 6 | D5: 1 | E5: 2 | F5: =SUM(C5:E5) | G5: 10 | H5: 2 | I5: =F5+G5
A6: SC-03 | B6: Nhà xưởng 2 - tầng 1 | C6: 6 | D6: 2 | E6: 2 | F6: =SUM(C6:E6) | G6: 10 | H6: 2 | I6: =F6+G6
A7: SC-04 | B7: Nhà văn phòng - tầng 1 | C7: 1 | D7: 0 | E7: 0 | F7: =SUM(C7:E7) | G7: 5 | H7: 0 | I7: =F7+G7
A8: SC-05 | B8: Nhà văn phòng - tầng 2 | C8: 1 | D8: 1 | E8: 0 | F8: =SUM(C8:E8) | G8: 4 | H8: 0 | I8: =F8+G8
A9: SC-06 | B9: Nhà bảo vệ | C9: 0 | D9: 0 | E9: 0 | F9: =SUM(C9:E9) | G9: 1 | H9: 0 | I9: =F9+G9
A10: SC-06 | B10: Nhà phụ trợ (bơm, rác) | C10: 0 | D10: 0 | E10: 0 | F10: =SUM(C10:E10) | G10: 3 | H10: 0 | I10: =F10+G10
B11: TỔNG | C11: =SUM(C5:C10) | D11: =SUM(D5:D10) | E11: =SUM(E5:E10) | F11: =SUM(F5:F10) | G11: =SUM(G5:G10) | H11: =SUM(H5:H10) | I11: =SUM(I5:I10)

Sheet Boc day - ong
A1: BÓC KHỐI LƯỢNG DÂY CẤP NGUỒN 2x1,5mm² VÀ ỐNG PVC D20
A2: Chiều dài đo trực tiếp nét dây (màu hồng) trong file PDF. Tỷ lệ quy đổi lấy theo kích thước lưới trục ghi trên bản vẽ.
A4: Bản vẽ | B4: Hạng mục | C4: Dài nét dây trên bản vẽ (pt) | D4: Khoảng lưới trục trên bản vẽ (pt) | E4: Khoảng lưới trục thực (mm) | F4: Tuyến dây chính (m) | G4: Số thiết bị (đèn) | H4: Dây xuống thiết bị (m) | I4: Cộng (m) | J4: Ghi chú
A5: SC-02 | B5: Nhà xưởng 1 - tầng 1 | C5: 1790.1 | D5: 780.7 | E5: 76500 | F5: =C5*E5/D5/1000 | G5: ='Thong ke den'!I5 | H5: =G5*'Thong so'!$B$5 | I5: =F5+H5 | J5: Lưới trục 1-10 = 76.500 mm
A6: SC-03 | B6: Nhà xưởng 2 - tầng 1 | C6: 1750.5 | D6: 779.3 | E6: 76500 | F6: =C6*E6/D6/1000 | G6: ='Thong ke den'!I6 | H6: =G6*'Thong so'!$B$5 | I6: =F6+H6 | J6: Lưới trục 1-10 = 76.500 mm
A7: SC-04 | B7: Nhà văn phòng - tầng 1 | C7: 493.2 | D7: 481.9 | E7: 20000 | F7: =C7*E7/D7/1000 | G7: ='Thong ke den'!I7 | H7: =G7*'Thong so'!$B$5 | I7: =F7+H7 | J7: Lưới trục 1-5 = 20.000 mm
A8: SC-05 | B8: Nhà văn phòng - tầng 2 | C8: 333.8 | D8: 481.9 | E8: 20000 | F8: =C8*E8/D8/1000 | G8: ='Thong ke den'!I8 | H8: =G8*'Thong so'!$B$5 | I8: =F8+H8 | J8: Lưới trục 1-5 = 20.000 mm
A9: SC-06 | B9: Nhà bảo vệ | F9: ='Thong so'!$B$8 | G9: ='Thong ke den'!I9 | H9: =G9*'Thong so'!$B$5 | I9: =F9+H9 | J9: TẠM TÍNH: bản vẽ không thể hiện tuyến dây (xem sheet Thông số)
A10: SC-06 | B10: Nhà phụ trợ (bơm, rác) | F10: ='Thong so'!$B$9 | G10: ='Thong ke den'!I10 | H10: =G10*'Thong so'!$B$5 | I10: =F10+H10 | J10: TẠM TÍNH: bản vẽ không thể hiện tuyến dây (xem sheet Thông số)
B11: Tổng chiều dài tuyến (chưa hao hụt) | I11: =SUM(I5:I10)
B12: Dây 2x1,5mm²: cộng hao hụt | I12: =I11*(1+'Thong so'!$B$6)
B13: Dây 2x1,5mm²: khối lượng đưa vào dự toán (làm tròn lên) | I13: =ROUNDUP(I12,0)
B14: Ống PVC D20: cộng hao hụt | I14: =I11*(1+'Thong so'!$B$7)
B15: Ống PVC D20: khối lượng đưa vào dự toán (làm tròn lên) | I15: =ROUNDUP(I14,0)
A17: Lưu ý:
A18: - Dây luồn trong ống trên toàn tuyến (theo ký hiệu "Dây cấp nguồn 2x1,5mm² luồn trong ống PVC D20"), nên chiều dài ống lấy bằng chiều dài dây.
A19: - Chưa gồm dây cấp nguồn từ tủ điện EXIT-SC (sơ đồ cấp điện trang 63) đến aptomat 10A của từng nhà, vì bản vẽ không ghi tiết diện và tuyến đi.
A20: - Chưa gồm phụ kiện ống (kẹp ống, khớp nối, co, hộp nối). Bổ sung theo biện pháp thi công nếu cần.
